"CANADIAN DOLLAR - CHICAGO MERCANTILE EXCHANGE",250819,2025-08-19,090741,CME ,00,090 ,  220859,  120141,   17983,     263,   32538,   99832,   11834,   18015,   51927,    6108,    8230,    1443,      36,  197165,  189426,   23694,   31433,    -250,    2767,    -991,    -515,     284,   -3263,    -203,   -2271,     881,    -218,    -438,    -530,       2,    -592,   -4837,     342,    4587,  100.0,   54.4,    8.1,    0.1,   14.7,   45.2,    5.4,    8.2,   23.5,    2.8,    3.7,    0.7,    0.0,   89.3,   85.8,   10.7,   14.2,    108,      8,      7,      4,     15,     26,     11,     18,     23,     12,      9,.,.,     65,     73,    52.7,    34.1,    63.4,    51.2,    52.7,    31.1,    61.0,    48.2,"(CONTRACTS OF CAD 100,000)","090741","CME ","090 ","F10","FutOnly"
"SWISS FRANC - CHICAGO MERCANTILE EXCHANGE",250819,2025-08-19,092741,CME ,00,092 ,   80039,   52129,    6654,     589,    7207,   45906,     975,    4913,    4997,       2,    1000,     448,       0,   66815,   59571,   13224,   20468,    -376,     632,    -509,       0,    -995,     624,    -102,     471,   -1590,    -520,       0,    -480,       0,    -514,   -2577,     138,    2201,  100.0,   65.1,    8.3,    0.7,    9.0,   57.4,    1.2,    6.1,    6.2,    0.0,    1.2,    0.6,    0.0,   83.5,   74.4,   16.5,   25.6,     45,      9,.,.,      4,     13,.,      8,      6,.,.,.,      0,     24,     24,    58.1,    46.6,    70.1,    59.1,    58.1,    45.3,    69.4,    57.9,"(CONTRACTS OF CHF 125,000)","092741","CME ","092 ","F10","FutOnly"
"BRITISH POUND - CHICAGO MERCANTILE EXCHANGE",250819,2025-08-19,096742,CME ,00,096 ,  219831,   60669,   20244,    8723,   45610,  112751,    4471,   64243,   41789,    2117,    1296,    1427,       0,  187129,  191522,   32702,   28309,    3749,   -1474,     225,    -154,    1929,   -2900,    1050,    1039,    5954,   -1104,     114,    -854,     -32,    1368,    2185,    2381,    1564,  100.0,   27.6,    9.2,    4.0,   20.7,   51.3,    2.0,   29.2,   19.0,    1.0,    0.6,    0.6,    0.0,   85.1,   87.1,   14.9,   12.9,    104,      6,      6,.,     16,     24,      5,     26,     22,      9,.,.,      0,     61,     59,    37.9,    42.1,    56.6,    52.7,    37.8,    41.2,    56.4,    49.9,"(CONTRACTS OF GBP 62,500)","096742","CME ","096 ","F10","FutOnly"
"JAPANESE YEN - CHICAGO MERCANTILE EXCHANGE",250819,2025-08-19,097741,CME ,00,097 ,  348982,   61854,  185866,     301,  106374,   36807,    4310,   33996,   77350,    4688,   97065,    1567,    3780,  312368,  314669,   36614,   34313,   -2181,   -5542,    -413,      -3,    5110,   -4760,    -174,   -4079,    3869,    -191,     983,     416,     273,   -3623,    -983,    1442,   -1198,  100.0,   17.7,   53.3,    0.1,   30.5,   10.5,    1.2,    9.7,   22.2,    1.3,   27.8,    0.4,    1.1,   89.5,   90.2,   10.5,    9.8,    145,     10,     11,      5,     32,     19,     10,     22,     34,     14,     13,.,.,     89,     86,    47.8,    52.9,    59.8,    65.8,    47.8,    52.8,    59.8,    65.7,"(CONTRACTS OF JPY 12,500,000)","097741","CME ","097 ","F10","FutOnly"
"EURO FX - CHICAGO MERCANTILE EXCHANGE",250819,2025-08-19,099741,CME ,00,099 ,  825219,   51466,  501044,    2622,  501183,  129953,   28071,  104037,   70811,   20849,   18733,   21297,    4116,  731077,  778763,   94142,   46456,     247,     841,   -3757,     916,    2002,   -1790,    2734,    3173,    4885,     -72,   -4786,   -2054,   -2610,    2198,   -1748,   -1951,    1995,  100.0,    6.2,   60.7,    0.3,   60.7,   15.7,    3.4,   12.6,    8.6,    2.5,    2.3,    2.6,    0.5,   88.6,   94.4,   11.4,    5.6,    307,     14,     14,      9,    122,     35,     39,     55,     31,     23,     19,     17,      6,    239,    145,    16.6,    55.1,    27.0,    69.0,    15.9,    55.1,    26.0,    68.9,"(CONTRACTS OF EUR 125,000)","099741","CME ","099 ","F10","FutOnly"
"AUSTRALIAN DOLLAR - CHICAGO MERCANTILE EXCHANGE",250819,2025-08-19,232741,CME ,00,232 ,  185901,   78308,    1941,     772,   44866,  118641,    4044,   28954,   33773,    3675,    2029,    1293,       0,  162648,  164139,   23253,   21762,   14607,    6970,     -83,     243,    3214,    9396,    -650,    8421,    3542,     321,   -3026,     543,     -42,   15451,   13270,    -844,    1337,  100.0,   42.1,    1.0,    0.4,   24.1,   63.8,    2.2,   15.6,   18.2,    2.0,    1.1,    0.7,    0.0,   87.5,   88.3,   12.5,   11.7,    102,     12,      4,      5,     16,     15,     11,     27,     21,     12,      4,.,      0,     73,     57,    40.3,    57.8,    53.2,    67.6,    40.2,    56.2,    53.0,    65.7,"(CONTRACTS OF AUD 100,000)","232741","CME ","232 ","F10","FutOnly"
"EURO FX/BRITISH POUND XRATE - CHICAGO MERCANTILE EXCHANGE",250819,2025-08-19,299741,CME ,00,099 ,   40851,       0,   21080,       2,   22087,       0,     979,    3854,   15813,       0,       0,       0,       0,   26922,   37874,   13929,    2977,     325,       0,      64,       0,     221,       0,       0,       7,    -169,       0,       0,       0,       0,     228,    -105,      97,     430,  100.0,    0.0,   51.6,    0.0,   54.1,    0.0,    2.4,    9.4,   38.7,    0.0,    0.0,    0.0,    0.0,   65.9,   92.7,   34.1,    7.3,     32,      0,      5,.,     18,      0,      5,.,      6,      0,      0,      0,      0,     22,     16,    23.7,    77.1,    39.5,    86.4,    23.3,    77.1,    38.2,    86.4,"(CONTRACTS OF EUR 125,000)","299741","CME ","099 ","F10","FutOnly"
"MEXICAN PESO - CHICAGO MERCANTILE EXCHANGE",250819,2025-08-19,095741,CME ,00,095 ,  162678,   11526,   72792,     308,   63016,   31982,    4283,   65083,   43508,    2359,    9465,    4211,       0,  156040,  159443,    6638,    3235,  -19719,      75,   -2120,   -1002,   -6104,    1653,      -5,  -13375,  -18532,     798,    -245,    -856,       0,  -19858,  -20064,     139,     345,  100.0,    7.1,   44.7,    0.2,   38.7,   19.7,    2.6,   40.0,   26.7,    1.5,    5.8,    2.6,    0.0,   95.9,   98.0,    4.1,    2.0,    176,      7,     13,      4,     29,     12,      4,     57,     32,     10,     19,      7,      0,    125,     69,    28.7,    45.8,    45.1,    68.8,    28.7,    45.5,    45.1,    67.0,"(CONTRACTS OF MXN 500,000)","095741","CME ","095 ","F15","FutOnly"
"BRAZILIAN REAL - CHICAGO MERCANTILE EXCHANGE",250819,2025-08-19,102741,CME ,00,102 ,  105972,    1185,   45536,      42,   71410,     744,     467,   23058,   27907,    3014,    2652,   27202,       0,  101828,  104912,    4144,    1060,    2732,   -1873,    3376,       0,    8898,     150,       0,   -3395,    9217,    -456,    -299,   -9815,       0,    2875,    2472,    -143,     260,  100.0,    1.1,   43.0,    0.0,   67.4,    0.7,    0.4,   21.8,   26.3,    2.8,    2.5,   25.7,    0.0,   96.1,   99.0,    3.9,    1.0,    100,.,      4,.,     23,      4,.,     36,     13,.,     11,      6,      0,     77,     28,    49.0,    67.6,    62.4,    90.8,    49.0,    67.6,    61.9,    88.1,"(CONTRACTS OF BRL 100,000)","102741","CME ","102 ","F15","FutOnly"
"NZ DOLLAR - CHICAGO MERCANTILE EXCHANGE",250819,2025-08-19,112741,CME ,00,112 ,   47495,   15569,    8038,       4,   12075,   15273,    5248,    8920,   12924,     324,    1111,     441,      15,   43266,   42267,    4229,    5228,    -745,   -1045,    -139,       0,     761,     280,    -913,     -39,    -225,     205,    -137,    -263,       0,   -1168,   -1055,     423,     310,  100.0,   32.8,   16.9,    0.0,   25.4,   32.2,   11.0,   18.8,   27.2,    0.7,    2.3,    0.9,    0.0,   91.1,   89.0,    8.9,   11.0,     83,      6,      6,.,     12,     17,      5,     15,     20,      5,      5,.,.,     41,     54,    55.0,    32.3,    69.8,    49.3,    45.5,    28.0,    60.2,    43.4,"(CONTRACTS OF NZD 100,000)","112741","CME ","112 ","F15","FutOnly"
"SO AFRICAN RAND - CHICAGO MERCANTILE EXCHANGE",250819,2025-08-19,122741,CME ,00,122 ,   23606,    2250,   11868,      21,    9905,    6058,       0,    8473,    1472,     714,     209,    1857,       0,   21572,   21990,    2034,    1616,   -1103,     -31,     118,      21,     458,    -736,       0,   -1624,    -472,       8,    -145,     -20,       0,   -1313,   -1081,     210,     -22,  100.0,    9.5,   50.3,    0.1,   42.0,   25.7,    0.0,   35.9,    6.2,    3.0,    0.9,    7.9,    0.0,   91.4,   93.2,    8.6,    6.8,     50,.,.,.,     12,.,      0,     18,      4,.,.,      5,      0,     37,     17,    44.2,    76.1,    58.6,    84.9,    44.2,    76.0,    58.6,    84.0,"(CONTRACTS OF ZAR 500,000)","122741","CME ","122 ","F15","FutOnly"
"DJIA Consolidated - CHICAGO BOARD OF TRADE",250819,2025-08-19,12460+,CBT ,00,124 ,   85223,   36184,   34178,    1267,   18426,   13486,    1110,    9203,   17737,    5801,    2207,     353,     343,   74541,   74275,   10682,   10948,   -3532,   -1737,   -4751,     -17,    -271,    2216,      88,    -625,     291,   -1535,    2173,     113,      -3,   -1927,   -3597,   -1605,      65,  100.0,   42.5,   40.1,    1.5,   21.6,   15.8,    1.3,   10.8,   20.8,    6.8,    2.6,    0.4,    0.4,   87.5,   87.2,   12.5,   12.8,     78,      9,     11,      4,     15,      6,      4,     15,     19,      9,.,.,.,     49,     47,    47.9,    45.2,    59.9,    60.3,    44.5,    41.9,    55.4,    54.6,"($5 X DJIA INDEX)","12460+","CBT ","124 ","F20","FutOnly"
"DJIA x $5 - CHICAGO BOARD OF TRADE",250819,2025-08-19,124603,CBT ,00,124 ,   85223,   36184,   34178,    1267,   18426,   13486,    1110,    9203,   17737,    5801,    2207,     353,     343,   74541,   74275,   10682,   10948,   -1875,   -1504,   -4631,      71,    -271,    2216,      88,    -764,     195,    -792,    2197,     153,      -3,    -978,   -2703,    -897,     828,  100.0,   42.5,   40.1,    1.5,   21.6,   15.8,    1.3,   10.8,   20.8,    6.8,    2.6,    0.4,    0.4,   87.5,   87.2,   12.5,   12.8,     78,      9,     11,      4,     15,      6,      4,     15,     19,      9,.,.,.,     49,     47,    47.9,    45.2,    59.9,    60.3,    44.5,    41.9,    55.4,    54.6,"($5 X DJIA INDEX)","124603","CBT ","124 ","F20","FutOnly"
"DOW JONES U.S. REAL ESTATE IDX - CHICAGO BOARD OF TRADE",250819,2025-08-19,124606,CBT ,00,124 ,   59415,   21288,   40487,       7,   27817,    9354,    2211,    4921,    6469,       0,       0,       0,       0,   56244,   58528,    3171,     887,    1403,    1511,     616,       0,    -207,     395,     -76,     202,     421,       0,       0,       0,       0,    1430,    1356,     -27,      47,  100.0,   35.8,   68.1,    0.0,   46.8,   15.7,    3.7,    8.3,   10.9,    0.0,    0.0,    0.0,    0.0,   94.7,   98.5,    5.3,    1.5,     45,      6,      6,.,     23,.,.,      4,.,      0,      0,      0,      0,     34,     15,    44.4,    65.1,    63.2,    91.9,    44.4,    65.1,    63.1,    89.4,"($100 X DJ US REAL ESTATE INDEX)","124606","CBT ","124 ","F20","FutOnly"
"S&P 500 Consolidated - CHICAGO MERCANTILE EXCHANGE",250819,2025-08-19,13874+,CME ,00,138 , 2001161,  140077,  751123,   42516, 1144853,  272944,  104555,  142386,  513362,   58969,  110868,   73366,    1585, 1745810, 1818419,  255351,  182741,   10931,    5645,   14966,    4898,   -9892,    6322,   -3480,    8719,  -12380,   -1139,     958,   -4296,      58,    5767,    4950,    5164,    5981,  100.0,    7.0,   37.5,    2.1,   57.2,   13.6,    5.2,    7.1,   25.7,    2.9,    5.5,    3.7,    0.1,   87.2,   90.9,   12.8,    9.1,    461,     23,     40,     21,    168,     53,     89,     62,     85,     61,     16,     13,.,    352,    282,    11.2,    22.7,    19.0,    31.3,    10.7,    22.4,    18.2,    30.7,"(S&P 500 INDEX X $50.00)","13874+","CME ","138 ","F20","FutOnly"
"E-MINI S&P CONSU STAPLES INDEX - CHICAGO MERCANTILE EXCHANGE",250819,2025-08-19,138748,CME ,00,138 ,   22545,   15342,   11599,       0,    3577,    8641,       0,    2111,     943,       0,       0,       0,       0,   21030,   21183,    1515,    1362,   -2640,    -422,     239,       0,    -111,    -967,       0,    1195,   -1785,       0,       0,       0,       0,     662,   -2513,   -3302,    -127,  100.0,   68.1,   51.4,    0.0,   15.9,   38.3,    0.0,    9.4,    4.2,    0.0,    0.0,    0.0,    0.0,   93.3,   94.0,    6.7,    6.0,     22,      7,.,      0,.,      4,      0,.,.,      0,      0,      0,      0,     12,     10,    63.7,    80.5,    86.2,    91.7,    63.7,    80.5,    86.2,    91.7,"($100 x S&P Select Sector Consumer Staples Index price)","138748","CME ","138 ","F20","FutOnly"
"E-MINI S&P ENERGY INDEX - CHICAGO MERCANTILE EXCHANGE",250819,2025-08-19,138749,CME ,00,138 ,   29844,   17425,   10877,       0,    6862,   14341,     104,    2850,    3270,       0,       0,       0,       0,   27241,   28592,    2603,    1252,   -1071,   -1922,    1330,       0,     521,    1166,       0,    -112,    -119,       0,       0,       0,       0,   -1513,    2377,     442,   -3448,  100.0,   58.4,   36.4,    0.0,   23.0,   48.1,    0.3,    9.5,   11.0,    0.0,    0.0,    0.0,    0.0,   91.3,   95.8,    8.7,    4.2,     28,      7,      5,      0,      7,.,.,.,      4,      0,      0,      0,      0,     16,     13,    59.8,    77.5,    80.6,    90.8,    59.8,    77.5,    80.6,    90.8,"($100 x S&P Select Sector Energy Index price)","138749","CME ","138 ","F20","FutOnly"
"E-MINI S&P 500 - CHICAGO MERCANTILE EXCHANGE",250819,2025-08-19,13874A,CME ,00,138 , 1974585,  139960,  755281,   37899, 1142641,  272049,  104284,  141214,  506555,   48186,  110728,   73366,    1585, 1726497, 1799205,  248088,  175380,    6728,    5795,   16095,    3737,   -9619,    6148,   -3450,    8633,  -12778,   -3526,     958,   -4296,      58,    2586,    1988,    4142,    4740,  100.0,    7.1,   38.3,    1.9,   57.9,   13.8,    5.3,    7.2,   25.7,    2.4,    5.6,    3.7,    0.1,   87.4,   91.1,   12.6,    8.9,    449,     22,     40,     17,    166,     52,     88,     58,     82,     57,     15,     13,.,    336,    277,    11.3,    23.0,    19.3,    31.7,    10.8,    22.7,    18.5,    31.1,"($50 X S&P 500 INDEX)","13874A","CME ","138 ","F20","FutOnly"
"E-MINI S&P FINANCIAL INDEX - CHICAGO MERCANTILE EXCHANGE",250819,2025-08-19,13874C,CME ,00,138 ,   63929,   47812,   55455,       0,   12532,    1628,     181,     916,    5899,       0,       0,       0,       0,   61441,   63163,    2488,     766,    -632,    1103,   -1230,       0,   -2125,       0,       0,     476,     808,       0,       0,       0,       0,    -546,    -422,     -86,    -210,  100.0,   74.8,   86.7,    0.0,   19.6,    2.5,    0.3,    1.4,    9.2,    0.0,    0.0,    0.0,    0.0,   96.1,   98.8,    3.9,    1.2,     34,      9,      7,      0,      9,.,.,.,      4,      0,      0,      0,      0,     20,     15,    65.8,    63.0,    86.4,    92.7,    65.8,    63.0,    86.4,    92.7,"($250 x S&P Select Sector Financial Index price)","13874C","CME ","138 ","F20","FutOnly"
"E-MINI S&P HEALTH CARE INDEX - CHICAGO MERCANTILE EXCHANGE",250819,2025-08-19,13874E,CME ,00,138 ,   29930,   16314,   25594,       0,   10539,    1555,     261,     328,    1535,       0,       0,       0,       0,   27442,   28945,    2488,     985,    1168,   -1026,     406,       0,    2412,       0,       0,      67,    1109,       0,       0,       0,       0,    1453,    1515,    -285,    -347,  100.0,   54.5,   85.5,    0.0,   35.2,    5.2,    0.9,    1.1,    5.1,    0.0,    0.0,    0.0,    0.0,   91.7,   96.7,    8.3,    3.3,     25,      5,      5,      0,      8,.,.,.,.,      0,      0,      0,      0,     14,     12,    68.5,    84.6,    85.6,    93.4,    68.5,    84.6,    85.6,    93.4,"($100 x S&P Select Sector Health Care Index price)","13874E","CME ","138 ","F20","FutOnly"
"E-MINI S&P INDUSTRIAL INDEX - CHICAGO MERCANTILE EXCHANGE",250819,2025-08-19,13874F,CME ,00,138 ,   11323,    2919,    5916,       0,    4041,    4317,       0,    1972,     221,     279,       0,       0,       0,    9211,   10733,    2112,     590,    1677,     -49,      12,       0,      15,    2239,       0,    1284,    -615,     279,       0,       0,       0,    1529,    1915,     148,    -238,  100.0,   25.8,   52.2,    0.0,   35.7,   38.1,    0.0,   17.4,    2.0,    2.5,    0.0,    0.0,    0.0,   81.3,   94.8,   18.7,    5.2,     23,      4,      6,      0,      6,      4,      0,.,.,.,      0,      0,      0,     13,     11,    50.2,    60.2,    69.0,    84.1,    50.2,    60.2,    69.0,    83.8,"($100 x S&P Select Sector Industrial Index price)","13874F","CME ","138 ","F20","FutOnly"
"E-MINI S&P TECHNOLOGY INDEX - CHICAGO MERCANTILE EXCHANGE",250819,2025-08-19,13874I,CME ,00,138 ,   18558,    1661,   15814,       0,   14141,     621,       0,     614,    1614,       0,       0,       0,       0,   16416,   18049,    2142,     509,      35,      -9,      53,       0,     -65,       0,       0,      70,     192,       0,       0,       0,       0,      -4,     245,      39,    -210,  100.0,    9.0,   85.2,    0.0,   76.2,    3.3,    0.0,    3.3,    8.7,    0.0,    0.0,    0.0,    0.0,   88.5,   97.3,   11.5,    2.7,     28,.,      8,      0,     11,.,      0,.,.,      0,      0,      0,      0,     15,     13,    52.4,    70.5,    73.0,    87.3,    52.4,    70.5,    73.0,    87.3,"($100 x S&P Select Sector Technology Index price)","13874I","CME ","138 ","F20","FutOnly"
"E-MINI S&P UTILITIES INDEX - CHICAGO MERCANTILE EXCHANGE",250819,2025-08-19,13874J,CME ,00,138 ,   30180,    3392,   20354,       0,   17264,    7439,     330,    5435,     956,       0,       0,       0,       0,   26421,   29079,    3759,    1101,     -71,       0,      15,       0,      37,    -368,       0,    -163,     108,       0,       0,       0,       0,    -126,    -245,      55,     174,  100.0,   11.2,   67.4,    0.0,   57.2,   24.6,    1.1,   18.0,    3.2,    0.0,    0.0,    0.0,    0.0,   87.5,   96.4,   12.5,    3.6,     35,.,     10,      0,     10,.,.,      7,.,      0,      0,      0,      0,     20,     16,    51.6,    71.2,    68.5,    88.4,    51.6,    71.2,    68.0,    88.4,"($100 x S&P Select Sector Utilities Index price)","13874J","CME ","138 ","F20","FutOnly"
"E-MINI S&P COMMUNICATION INDEX - CHICAGO MERCANTILE EXCHANGE",250819,2025-08-19,13874P,CME ,00,138 ,   25909,    3162,   24466,       0,   20457,       0,       0,     680,     993,       0,       0,       0,       0,   24299,   25459,    1610,     450,   -1230,   -1215,    -658,       0,    -199,       0,       0,     -47,    -645,       0,       0,       0,       0,   -1461,   -1303,     231,      73,  100.0,   12.2,   94.4,    0.0,   79.0,    0.0,    0.0,    2.6,    3.8,    0.0,    0.0,    0.0,    0.0,   93.8,   98.3,    6.2,    1.7,     22,      4,      7,      0,      8,      0,      0,.,.,      0,      0,      0,      0,     14,      8,    63.5,    86.2,    81.7,    98.3,    63.5,    86.2,    81.7,    98.3,"($250 x S&P Select Sector Communication Index)","13874P","CME ","138 ","F20","FutOnly"
"MICRO E-MINI S&P 500 INDEX - CHICAGO MERCANTILE EXCHANGE",250819,2025-08-19,13874U,CME ,00,138 ,  265755,   47343,    4592,       0,   23457,   10278,    1376,  110649,  166997,    8901,    1400,       0,       0,  193126,  192144,   72629,   73611,   42029,   10111,     324,       0,   -2649,    1823,    -381,   26012,   29135,   -1282,       0,       0,       0,   31811,   29619,   10218,   12410,  100.0,   17.8,    1.7,    0.0,    8.8,    3.9,    0.5,   41.6,   62.8,    3.3,    0.5,    0.0,    0.0,   72.7,   72.3,   27.3,   27.7,     38,      5,.,      0,      9,.,      4,     11,      8,      5,.,      0,      0,     31,     16,    48.8,    64.4,    57.2,    69.2,    48.7,    62.8,    55.7,    66.6,"($5 X S&P 500 INDEX)","13874U","CME ","138 ","F20","FutOnly"
"ADJUSTED INT RATE S&P 500 TOTL - CHICAGO MERCANTILE EXCHANGE",250819,2025-08-19,13874W,CME ,00,138 ,  867518,  226892,  202055,  267603,    1634,   80650,    7255,  129916,   69937,  228138,       0,       0,       0,  861438,  855638,    6080,   11880,    8651,   -2000,   -8765,    1765,       0,       0,     250,   -6424,     243,   14460,       0,       0,       0,    8051,    7953,     600,     698,  100.0,   26.2,   23.3,   30.8,    0.2,    9.3,    0.8,   15.0,    8.1,   26.3,    0.0,    0.0,    0.0,   99.3,   98.6,    0.7,    1.4,     66,     16,     14,     28,.,.,.,     15,      8,     29,      0,      0,      0,     61,     64,    37.1,    28.5,    52.6,    44.8,    24.3,    19.9,    32.9,    31.8,"(S&P 500 TOTAL RETURN INDEX x $25)","13874W","CME ","138 ","F20","FutOnly"
"NASDAQ-100 Consolidated - CHICAGO MERCANTILE EXCHANGE",250819,2025-08-19,20974+,CME ,00,209 ,  304458,   51774,  130173,    9979,  114801,   31893,    4889,   54422,   73270,   12829,    9376,    4433,      78,  258149,  267543,   46310,   36915,  -12353,    -193,     189,    1663,   -2524,   -3127,    1240,  -15416,  -10865,    1685,   -2228,    -211,       5,  -15767,   -9421,    3414,   -2932,  100.0,   17.0,   42.8,    3.3,   37.7,   10.5,    1.6,   17.9,   24.1,    4.2,    3.1,    1.5,    0.0,   84.8,   87.9,   15.2,   12.1,    306,     23,     30,     12,     75,     28,     25,     63,     51,     39,     17,     16,.,    215,    170,    18.2,    30.4,    28.4,    41.6,    18.0,    29.6,    28.1,    39.9,"(NASDAQ 100 INDEX X $20)","20974+","CME ","209 ","F20","FutOnly"
"NASDAQ MINI - CHICAGO MERCANTILE EXCHANGE",250819,2025-08-19,209742,CME ,00,209 ,  289577,   52458,  132352,    4297,  114540,   31552,    4882,   56969,   75708,    4942,    9259,    4237,      55,  247402,  258025,   42175,   31552,  -13999,    -207,     140,    1091,   -2440,   -3164,    1239,  -13862,  -11413,     288,   -2249,    -237,       2,  -16138,  -12054,    2139,   -1945,  100.0,   18.1,   45.7,    1.5,   39.6,   10.9,    1.7,   19.7,   26.1,    1.7,    3.2,    1.5,    0.0,   85.4,   89.1,   14.6,   10.9,    267,     23,     24,     10,     71,     26,     24,     53,     47,     31,     13,     10,.,    189,    145,    19.1,    31.5,    29.8,    43.1,    18.9,    30.7,    29.4,    41.4,"(NASDAQ 100 STOCK INDEX X $20)","209742","CME ","209 ","F20","FutOnly"
"MICRO E-MINI NASDAQ-100 INDEX - CHICAGO MERCANTILE EXCHANGE",250819,2025-08-19,209747,CME ,00,209 ,  148813,   49984,   35025,       0,    2613,    3405,      73,   51772,   52859,    1625,    1165,    1961,     234,  107466,   95182,   41347,   53631,   16461,    5864,    6212,       0,    -835,     375,       7,   -2117,   18901,     543,      13,      59,     234,    3709,   26331,   12752,   -9870,  100.0,   33.6,   23.5,    0.0,    1.8,    2.3,    0.0,   34.8,   35.5,    1.1,    0.8,    1.3,    0.2,   72.2,   64.0,   27.8,   36.0,     65,.,      8,      0,      5,.,.,     22,     14,     10,      4,      6,.,     39,     39,    56.1,    40.3,    62.6,    52.8,    55.9,    40.3,    62.0,    52.8,"(NASDAQ 100 STOCK INDEX x $2)","209747","CME ","209 ","F20","FutOnly"
"RUSSELL E-MINI - CHICAGO MERCANTILE EXCHANGE",250819,2025-08-19,239742,CME ,00,239 ,  418180,  131850,   53555,    5103,  144504,  135542,   29827,   66628,  160390,    7037,    4504,    4159,      13,  389466,  395626,   28714,   22554,   -6805,   -8977,    3929,     374,    1385,   10288,     218,    1069,  -19665,    -671,    -617,   -1036,       4,   -7215,   -6559,     410,    -246,  100.0,   31.5,   12.8,    1.2,   34.6,   32.4,    7.1,   15.9,   38.4,    1.7,    1.1,    1.0,    0.0,   93.1,   94.6,    6.9,    5.4,    338,     32,     26,      9,     88,     55,     41,     44,     72,     28,      9,     12,.,    210,    208,    21.4,    28.3,    31.0,    39.8,    21.4,    27.4,    29.7,    38.8,"(RUSSEL 2000 INDEX X $50)","239742","CME ","239 ","F20","FutOnly"
"EMINI RUSSELL 1000 VALUE INDEX - CHICAGO MERCANTILE EXCHANGE",250819,2025-08-19,239744,CME ,00,239 ,   29846,   18580,   12954,       0,    9283,   15654,     202,     239,     484,       0,       0,       0,       0,   28304,   29294,    1542,     552,    1120,    1804,    1344,       0,    -192,       6,       0,    -214,    -270,       0,       0,       0,       0,    1398,    1080,    -278,      40,  100.0,   62.3,   43.4,    0.0,   31.1,   52.4,    0.7,    0.8,    1.6,    0.0,    0.0,    0.0,    0.0,   94.8,   98.2,    5.2,    1.8,     25,      6,      4,      0,      8,      4,.,.,.,      0,      0,      0,      0,     15,     11,    70.6,    87.4,    86.5,    96.0,    70.6,    87.4,    86.5,    96.0,"(RUSSELL 1000 VALUE INDEX x $50)","239744","CME ","239 ","F20","FutOnly"
"MICRO E-MINI RUSSELL 2000 INDX - CHICAGO MERCANTILE EXCHANGE",250819,2025-08-19,239747,CME ,00,239 ,   39658,   25000,    2592,       0,     813,       0,       0,    2869,   25616,     812,     540,     400,     110,   30144,   29530,    9514,   10128,   -3182,   -4833,     515,       0,     240,       0,       0,     -22,   -5131,      97,     540,     100,       0,   -3978,   -4419,     796,    1237,  100.0,   63.0,    6.5,    0.0,    2.0,    0.0,    0.0,    7.2,   64.6,    2.0,    1.4,    1.0,    0.3,   76.0,   74.5,   24.0,   25.5,     31,      6,.,      0,.,      0,      0,      7,     10,      6,.,.,.,     22,     16,    63.1,    53.1,    67.7,    69.7,    63.1,    52.1,    67.4,    68.7,"(RUSSEL 2000 INDEX X $0.5)","239747","CME ","239 ","F20","FutOnly"
"RUSSELL 2000 ANNUAL DIVIDEND  - CHICAGO MERCANTILE EXCHANGE",250819,2025-08-19,239750,CME ,00,239 ,   25659,     460,   15471,    1625,    2219,       0,      20,   18091,    5995,    2538,     355,       0,       0,   25308,   25649,     351,      10,     670,       0,       0,       0,       9,       0,       0,     100,     150,     510,       0,       0,       0,     619,     660,      51,      10,  100.0,    1.8,   60.3,    6.3,    8.6,    0.0,    0.1,   70.5,   23.4,    9.9,    1.4,    0.0,    0.0,   98.6,  100.0,    1.4,    0.0,     22,.,      7,      6,.,      0,.,      6,.,.,.,      0,      0,     18,     14,    71.4,    65.6,    87.8,    92.5,    71.4,    60.4,    80.5,    81.5,"(RUSSEL 2000 INDEX X $100)","239750","CME ","239 ","F20","FutOnly"
"NIKKEI STOCK AVERAGE YEN DENOM - CHICAGO MERCANTILE EXCHANGE",250819,2025-08-19,240743,CME ,00,240 ,   36204,   11738,    3816,     813,    8415,    3347,     581,    7995,    3685,     539,       0,     293,       0,   30081,   13074,    6123,   23130,    1646,    -296,    1280,     -54,     140,     105,    -457,    2157,    -857,      -1,    -519,       0,       0,     970,      16,     676,    1630,  100.0,   32.4,   10.5,    2.2,   23.2,    9.2,    1.6,   22.1,   10.2,    1.5,    0.0,    0.8,    0.0,   83.1,   36.1,   16.9,   63.9,     47,     12,      4,.,      8,      4,      4,     12,      6,      4,      0,.,      0,     34,     22,    33.3,    16.0,    51.3,    24.6,    31.8,    16.0,    48.1,    24.4,"(NIKKEI INDEX X JPY 500)","240743","CME ","240 ","F20","FutOnly"
"MSCI EAFE  - ICE FUTURES U.S.",250819,2025-08-19,244041,ICUS,01,244 ,  427977,   33434,  253193,    3600,  308558,   78952,   32675,   32546,   52313,     268,    4676,       0,     426,  416183,  421427,   11794,    6550,   11902,   -1955,    4341,    2845,    8468,    -821,     350,    3611,    5434,    -164,    -217,       0,      25,   12963,   12010,   -1061,    -108,  100.0,    7.8,   59.2,    0.8,   72.1,   18.4,    7.6,    7.6,   12.2,    0.1,    1.1,    0.0,    0.1,   97.2,   98.5,    2.8,    1.5,    187,     13,     15,      5,     82,     37,     33,     21,     16,      8,.,      0,.,    143,     91,    24.8,    34.0,    39.6,    50.4,    22.4,    34.0,    37.2,    49.8,"(MSCI EAFE INDEX X $50)","244041","ICUS","244 ","F20","FutOnly"
"MSCI EM INDEX - ICE FUTURES U.S.",250819,2025-08-19,244042,ICUS,01,244 , 1132271,   66446,  660502,   15369,  700344,  229285,   91210,  174233,   69125,    5044,   24640,   31642,    2645, 1079931, 1104822,   52340,   27449,    5004,    1260,    7483,      40,   -1253,    5303,   -1795,    4112,  -10938,    1261,    1200,    1740,     -29,    4796,    3065,     208,    1939,  100.0,    5.9,   58.3,    1.4,   61.9,   20.3,    8.1,   15.4,    6.1,    0.4,    2.2,    2.8,    0.2,   95.4,   97.6,    4.6,    2.4,    382,     22,     16,      9,    178,     46,     62,     60,     36,     20,     17,      7,      4,    306,    171,    14.2,    39.6,    23.6,    56.5,    13.9,    39.4,    22.2,    56.3,"(MSCI Emerging Markets Index x $50)","244042","ICUS","244 ","F20","FutOnly"
"E-MINI S&P 400 STOCK INDEX - CHICAGO MERCANTILE EXCHANGE",250819,2025-08-19,33874A,CME ,00,138 ,   40131,    7913,   12706,     112,   17977,   17228,    1626,    3985,    3281,      58,       0,       0,       0,   31671,   35011,    8460,    5120,     173,     -78,    -638,       8,     365,     -91,     123,     134,      78,       9,    -234,       0,       0,     327,    -511,    -154,     684,  100.0,   19.7,   31.7,    0.3,   44.8,   42.9,    4.1,    9.9,    8.2,    0.1,    0.0,    0.0,    0.0,   78.9,   87.2,   21.1,   12.8,     70,      9,      8,.,     26,     15,     11,      5,      7,.,      0,      0,      0,     48,     36,    21.0,    27.3,    34.6,    47.7,    20.9,    27.1,    34.4,    47.5,"(S&P 400 INDEX X $100)","33874A","CME ","138 ","F20","FutOnly"
"S&P 500 ANNUAL DIVIDEND INDEX - CHICAGO MERCANTILE EXCHANGE",250819,2025-08-19,43874A,CME ,00,438 ,  323079,   12811,  228692,   25673,   88964,    6876,    2740,  160901,   37613,   20465,    7248,       0,     329,  319131,  322388,    3948,     691,    2813,   -1809,    1007,    1392,     100,       0,       0,    2589,     251,     909,    -318,       0,       0,    2863,    3559,     -50,    -746,  100.0,    4.0,   70.8,    7.9,   27.5,    2.1,    0.8,   49.8,   11.6,    6.3,    2.2,    0.0,    0.1,   98.8,   99.8,    1.2,    0.2,     92,     14,     17,     19,     15,.,.,     35,      4,     14,      5,      0,.,     80,     50,    26.3,    58.8,    42.5,    77.0,    24.4,    57.1,    39.8,    74.5,"(S&P 500 ANNUAL DIVIDEND INDEX X $250)","43874A","CME ","438 ","F20","FutOnly"
"S&P 500 QUARTERLY DIVIDEND IND - CHICAGO MERCANTILE EXCHANGE",250819,2025-08-19,43874Q,CME ,00,438 ,   48218,    5704,   12642,    7281,    2230,       0,       0,   32315,   28251,      42,     626,       0,       0,   48198,   48216,      20,       2,     -14,     345,    -844,     343,       0,       0,       0,    -718,     487,       0,      15,       0,       0,     -15,     -14,       1,       0,  100.0,   11.8,   26.2,   15.1,    4.6,    0.0,    0.0,   67.0,   58.6,    0.1,    1.3,    0.0,    0.0,  100.0,  100.0,    0.0,    0.0,     27,      6,      8,      7,.,      0,      0,      5,      5,.,.,      0,      0,     20,     16,    75.4,    77.0,    93.5,    94.0,    69.3,    72.8,    82.1,    82.8,"(S&P 500 QUARTERLY DIVIDEND INDEX X $1000)","43874Q","CME ","438 ","F20","FutOnly"
"UST BOND - CHICAGO BOARD OF TRADE",250819,2025-08-19,020601,CBT ,00,020 , 1809428,   10900,  281273,   14357, 1109821,  582706,  209350,   86504,  436450,   57932,   80476,  100995,     646, 1569986, 1683709,  239442,  125719,   20647,    4389,   21378,    3255,   -8980,  -21961,   -2033,   -6091,   -8134,   29211,     805,     588,       5,   20561,   22309,      86,   -1662,  100.0,    0.6,   15.5,    0.8,   61.3,   32.2,   11.6,    4.8,   24.1,    3.2,    4.4,    5.6,    0.0,   86.8,   93.1,   13.2,    6.9,    240,      8,     23,     13,     89,     28,     69,     31,     41,     30,     10,     10,.,    184,    170,    21.9,    39.9,    34.8,    49.7,    19.5,    38.0,    30.9,    47.4,"(CONTRACTS OF $100,000 FACE VALUE)","020601","CBT ","020 ","F30","FutOnly"
"ULTRA UST BOND - CHICAGO BOARD OF TRADE",250819,2025-08-19,020604,CBT ,00,020 , 2023487,    6850,  163674,   19045, 1282281,  520563,  385885,   69584,  685965,   50102,   20671,   20931,     116, 1834534, 1846281,  188953,  177206,    4872,   -1305,   18575,    5501,    -235,  -61700,    3209,   -9580,   28756,    6448,   -1617,    2534,   -1192,    1229,    2131,    3643,    2741,  100.0,    0.3,    8.1,    0.9,   63.4,   25.7,   19.1,    3.4,   33.9,    2.5,    1.0,    1.0,    0.0,   90.7,   91.2,    9.3,    8.8,    214,.,     15,      6,     88,     40,     74,     13,     42,     20,      7,      6,.,    160,    156,    28.8,    24.4,    39.6,    36.3,    23.0,    24.2,    31.6,    33.8,"(CONTRACTS OF $100,000 FACE VALUE)","020604","CBT ","020 ","F30","FutOnly"
"UST 2Y NOTE - CHICAGO BOARD OF TRADE",250819,2025-08-19,042601,CBT ,00,042 , 4527896,  144966,  549299,   32514, 2749105,  506154,  516357,  373860, 2459154,  168785,  271827,  146774,   11549, 4268963, 4390586,  258933,  137310,  -21686,  -13657,   43253,   11951,  -13757,     963,   16002,  -19526,  -94870,   13950,  -14379,  -14768,    1318,  -18098,  -22201,   -3588,     515,  100.0,    3.2,   12.1,    0.7,   60.7,   11.2,   11.4,    8.3,   54.3,    3.7,    6.0,    3.2,    0.3,   94.3,   97.0,    5.7,    3.0,    480,     37,     37,     22,    172,     33,     91,     66,     76,     54,     41,     17,      8,    380,    275,    25.2,    21.9,    34.1,    36.0,    23.7,    21.0,    31.4,    35.0,"(CONTRACTS OF $200,000 FACE VALUE)","042601","CBT ","042 ","F30","FutOnly"
"UST 10Y NOTE - CHICAGO BOARD OF TRADE",250819,2025-08-19,043602,CBT ,00,043 , 5340625,  305767,  602053,   52309, 3173317,  743650,  537817,  316923, 2733883,  207828,  285759,  121685,    6992, 4886712, 5006217,  453913,  334408,    1184,    1552,   21647,   -9396,   60249,  -58488,    9336,  -54303,   32505,  -12793,   17356,    -233,    6097,   18098,  -11325,  -16914,   12509,  100.0,    5.7,   11.3,    1.0,   59.4,   13.9,   10.1,    5.9,   51.2,    3.9,    5.4,    2.3,    0.1,   91.5,   93.7,    8.5,    6.3,    412,     24,     33,     19,    131,     53,    109,     59,     77,     58,     23,     12,      5,    319,    284,    26.9,    23.7,    36.8,    34.7,    24.6,    23.5,    33.3,    34.4,"(CONTRACTS OF $100,000 FACE VALUE)","043602","CBT ","043 ","F30","FutOnly"
"ULTRA UST 10Y - CHICAGO BOARD OF TRADE",250819,2025-08-19,043607,CBT ,00,043 , 2490813,   21070,  206279,   11529, 1325787,  707570,  453217,  259374,  636710,   47209,  137825,  147560,     689, 2256700, 2210763,  234113,  280050,   31511,    1497,   -8703,    4286,  -26017,    3510,   15112,   33165,    2032,   15589,   -7430,     423,     523,   36725,   32772,   -5214,   -1261,  100.0,    0.8,    8.3,    0.5,   53.2,   28.4,   18.2,   10.4,   25.6,    1.9,    5.5,    5.9,    0.0,   90.6,   88.8,    9.4,   11.2,    213,      5,     17,      9,     56,     59,     68,     24,     31,     24,      8,     13,.,    153,    163,    27.5,    24.3,    40.6,    37.7,    20.9,    22.8,    31.3,    33.4,"(CONTRACTS OF $100,000 FACE VALUE)","043607","CBT ","043 ","F30","FutOnly"
"MICRO 10 YEAR YIELD - CHICAGO BOARD OF TRADE",250819,2025-08-19,04360Y,CBT ,00,043 ,    2728,       0,       0,       0,       0,       0,       0,    1859,     347,      65,     140,     720,      25,    2089,    1157,     639,    1571,     168,       0,       0,       0,       0,       0,       0,      29,    -111,       2,      45,      43,      25,     101,     -41,      67,     209,  100.0,    0.0,    0.0,    0.0,    0.0,    0.0,    0.0,   68.1,   12.7,    2.4,    5.1,   26.4,    0.9,   76.6,   42.4,   23.4,   57.6,     23,      0,      0,      0,      0,      0,      0,      4,.,.,.,     14,.,      8,     17,    70.5,    26.5,    76.6,    32.8,    70.5,    24.2,    73.3,    30.5,"(1000 x Index Points)","04360Y","CBT ","043 ","F30","FutOnly"
"UST 5Y NOTE - CHICAGO BOARD OF TRADE",250819,2025-08-19,044601,CBT ,00,044 , 7350661,  194858,  877278,   93034, 4465721,  792689,  795886,  567638, 3917255,  405147,  348685,  187357,    8090, 6879059, 7076736,  471602,  273925,  112605,   -9698,   20247,    6318,   51985,   18699,    3584,    8930,   -7588,   50555,   -6642,   -2557,    4609,  109641,   93867,    2964,   18738,  100.0,    2.7,   11.9,    1.3,   60.8,   10.8,   10.8,    7.7,   53.3,    5.5,    4.7,    2.5,    0.1,   93.6,   96.3,    6.4,    3.7,    461,     24,     37,     20,    163,     45,    109,     71,     80,     59,     31,     10,      4,    364,    289,    29.0,    18.1,    37.7,    30.4,    27.0,    17.3,    33.5,    28.4,"(CONTRACTS OF $100,000 FACE VALUE)","044601","CBT ","044 ","F30","FutOnly"
"FED FUNDS - CHICAGO BOARD OF TRADE",250819,2025-08-19,045601,CBT ,00,045 , 2336894,  672422,  327279,  469022,  157703,   33244,   12105,  270563,  730118,  645182,   15382,   22571,   43176, 2285555, 2282697,   51339,   54197,  123283,   71173,   21802,    8730,   16855,   -3663,   -8142,  -23049,   25799,   49490,     194,   10412,    7503,  122754,  111931,     529,   11352,  100.0,   28.8,   14.0,   20.1,    6.7,    1.4,    0.5,   11.6,   31.2,   27.6,    0.7,    1.0,    1.8,   97.8,   97.7,    2.2,    2.3,    168,     40,     23,     51,     11,      6,      4,     33,     43,     54,      6,      5,.,    144,    136,    26.4,    26.8,    42.0,    42.1,    20.6,    21.4,    29.3,    29.7,"(CONTRACTS OF $5,000,000)","045601","CBT ","045 ","F33","FutOnly"
"EURO SHORT TERM RATE - CHICAGO MERCANTILE EXCHANGE",250819,2025-08-19,047745,CME ,00,047 ,   33502,   11886,   25061,    1810,    1204,       0,       0,   12095,     236,    6329,      45,       0,      62,   33431,   33498,      71,       4,    1033,     350,     831,       0,     218,       0,       0,     185,     -64,     263,      14,       0,       3,    1033,    1033,       0,       0,  100.0,   35.5,   74.8,    5.4,    3.6,    0.0,    0.0,   36.1,    0.7,   18.9,    0.1,    0.0,    0.2,   99.8,  100.0,    0.2,    0.0,     41,     11,     11,     10,.,      0,      0,     11,.,      9,.,      0,.,     34,     27,    52.5,    58.5,    77.5,    79.9,    42.6,    57.8,    59.0,    72.1,"(2,500 X CONTRACT GRADE IMM INDEX)","047745","CME ","047 ","F33","FutOnly"
"SOFR-3M - CHICAGO MERCANTILE EXCHANGE",250819,2025-08-19,134741,CME ,00,134 ,12383724, 2586129, 2049872, 1877401, 1099409,  434104, 1230904, 1626891, 2694470, 3647994,  101689,  245473,  146480,12316897,12326698,   66827,   57026,   49485,   80071,    4474,   -8368,   43824,   -1946,   44323,  -58317,   42622,  -62489,    -958,    8745,   15785,   53871,   43146,   -4386,    6339,  100.0,   20.9,   16.6,   15.2,    8.9,    3.5,    9.9,   13.1,   21.8,   29.5,    0.8,    2.0,    1.2,   99.5,   99.5,    0.5,    0.5,    880,     95,     92,    146,     65,     63,     70,    157,    153,    191,    108,     90,     68,    692,    663,    15.1,    15.9,    25.4,    28.4,    10.7,     8.8,    17.1,    15.6,"($2,500 x Contract IMM Index)","134741","CME ","134 ","F33","FutOnly"
"SOFR-1M - CHICAGO MERCANTILE EXCHANGE",250819,2025-08-19,134742,CME ,00,134 , 1454224,  413401,  361711,  274707,    6889,   45561,    6656,  314239,  338609,  410109,    7549,     547,   16043, 1449593, 1453943,    4631,     281,  105686,   21971,    2603,   40054,     110,   10438,   -1604,   10668,   22741,   33773,     542,      47,    -294,  105220,  107758,     466,   -2072,  100.0,   28.4,   24.9,   18.9,    0.5,    3.1,    0.5,   21.6,   23.3,   28.2,    0.5,    0.0,    1.1,   99.7,  100.0,    0.3,    0.0,    216,     41,     52,     60,      5,     11,      7,     42,     49,     62,      9,      4,      6,    164,    187,    29.9,    25.4,    45.4,    43.8,    21.7,    20.0,    30.2,    29.7,"($4,167 x Contract IMM Index)","134742","CME ","134 ","F33","FutOnly"
"2 YEAR ERIS SOFR SWAP - CHICAGO BOARD OF TRADE",250819,2025-08-19,342603,CBT ,00,342 ,   63097,     750,    1950,       0,      65,    3601,       0,   16770,    9526,   26973,   18509,   21013,      30,   63097,   63093,       0,       4,     738,       0,     100,       0,       0,     187,       0,     287,    -857,      11,     440,    1308,       0,     738,     749,       0,     -11,  100.0,    1.2,    3.1,    0.0,    0.1,    5.7,    0.0,   26.6,   15.1,   42.7,   29.3,   33.3,    0.0,  100.0,  100.0,    0.0,    0.0,     36,.,.,      0,.,      4,      0,      4,      7,.,      5,     11,.,     12,     27,    92.5,    60.8,    99.0,    81.2,    49.7,    29.8,    56.2,    45.5,"(100,000 USD notional principal)","342603","CBT ","342 ","F50","FutOnly"
"10 YEAR ERIS SOFR SWAP - CHICAGO BOARD OF TRADE",250819,2025-08-19,343603,CBT ,00,343 ,  163008,   33067,   16780,   29842,     358,       0,       0,    6685,   89223,   17051,   76005,   10088,       0,  163008,  162984,       0,      24,   11118,       0,   10274,       0,      50,       0,       0,      30,     781,     153,   10885,     -90,       0,   11118,   11118,       0,       0,  100.0,   20.3,   10.3,   18.3,    0.2,    0.0,    0.0,    4.1,   54.7,   10.5,   46.6,    6.2,    0.0,  100.0,  100.0,    0.0,    0.0,     45,      5,.,.,.,      0,      0,.,      5,.,     18,      9,      0,     31,     19,    51.7,    84.6,    75.4,    98.2,    36.1,    67.7,    52.0,    70.2,"(100,000 USD notional principal)","343603","CBT ","343 ","F50","FutOnly"
"5 YEAR ERIS SOFR SWAP - CHICAGO BOARD OF TRADE",250819,2025-08-19,344605,CBT ,00,344 ,   99984,   11196,   16347,    2929,      40,   12970,       0,   21449,   33225,   22182,   42178,   12262,       0,   99974,   99915,      10,      69,    1699,     900,       0,       0,       0,     595,       0,     983,     656,     180,    -364,     265,       0,    1699,    1696,       0,       3,  100.0,   11.2,   16.3,    2.9,    0.0,   13.0,    0.0,   21.5,   33.2,   22.2,   42.2,   12.3,    0.0,  100.0,   99.9,    0.0,    0.1,     52,      6,.,.,.,      4,      0,      5,      9,.,     12,     12,      0,     26,     31,    54.8,    65.9,    79.3,    80.8,    42.7,    48.0,    59.8,    59.9,"(100,000 USD notional principal)","344605","CBT ","344 ","F50","FutOnly"
"MICRO BITCOIN - CHICAGO MERCANTILE EXCHANGE",250819,2025-08-19,133742,CME ,00,180 ,   37022,    8900,     330,       0,    2413,     474,     278,    8378,   29311,    1518,    7910,    2986,     249,   29646,   35146,    7376,    1876,    -491,   -1742,   -1355,      -1,   -1287,     203,     266,     808,   -1493,    1226,     389,     511,      38,    -303,    -605,    -188,     114,  100.0,   24.0,    0.9,    0.0,    6.5,    1.3,    0.8,   22.6,   79.2,    4.1,   21.4,    8.1,    0.7,   80.1,   94.9,   19.9,    5.1,    244,      8,.,      0,      8,      5,.,     39,     23,     13,    119,     40,      6,    186,     79,    37.5,    72.8,    44.8,    77.8,    36.9,    69.8,    43.0,    74.6,"(Bitcoin X $0.10)","133742","CME ","180 ","F84","FutOnly"
"Nano Bitcoin  - COINBASE DERIVATIVES, LLC",250819,2025-08-19,133LM1,FREX,00,180 ,   52972,       0,       0,       0,       0,       0,       0,    9689,   45333,     626,   39229,    6400,       0,   49544,   52359,    3428,     613,    1104,       0,       0,       0,       0,       0,       0,    3168,    2361,     118,   -2866,   -1065,       0,     420,    1414,     684,    -310,  100.0,    0.0,    0.0,    0.0,    0.0,    0.0,    0.0,   18.3,   85.6,    1.2,   74.1,   12.1,    0.0,   93.5,   98.8,    6.5,    1.2,    240,      0,      0,      0,      0,      0,      0,      6,      8,.,    190,     36,      0,    197,     46,    43.4,    77.6,    50.7,    90.5,    43.4,    76.4,    50.7,    89.3,"(1/100 X Bitcoin = $300)","133LM1","FREX","180 ","F84","FutOnly"
"NANO BITCOIN PERP STYLE - COINBASE DERIVATIVES, LLC",250819,2025-08-19,133LM4,FREX,00,180 ,   37893,       0,       0,       0,       0,       0,       0,    3317,   21535,       0,   29728,   15509,       0,   33045,   37044,    4848,     849,    5099,       0,       0,       0,       0,       0,       0,    1219,    2760,       0,    2994,    2367,       0,    4213,    5127,     886,     -28,  100.0,    0.0,    0.0,    0.0,    0.0,    0.0,    0.0,    8.8,   56.8,    0.0,   78.5,   40.9,    0.0,   87.2,   97.8,   12.8,    2.2,    261,      0,      0,      0,      0,      0,      0,.,      6,      0,    210,     42,      0,    213,     48,    26.2,    73.3,    32.3,    85.2,    26.2,    73.3,    32.3,    85.2,"(1/100 X Bitcoin)","133LM4","FREX","180 ","F84","FutOnly"
"MICRO ETHER  - CHICAGO MERCANTILE EXCHANGE",250819,2025-08-19,146022,CME ,00,180 ,  126648,    3191,       0,       0,    3643,    1260,     500,   65458,  106792,    4745,   43055,   11813,      85,  120677,  125195,    5971,    1453,  -16006,     925,  -28589,      -1,     755,     516,      38,   16481,   37183,  -21476,  -13522,   -3303,    -345,  -17145,  -15977,    1139,     -29,  100.0,    2.5,    0.0,    0.0,    2.9,    1.0,    0.4,   51.7,   84.3,    3.7,   34.0,    9.3,    0.1,   95.3,   98.9,    4.7,    1.1,    386,      5,      0,      0,      5,.,.,     23,     20,      7,    275,     54,.,    317,     81,    56.1,    68.9,    62.5,    85.6,    56.1,    68.2,    61.5,    83.1,"(0.1 Index Points)","146022","CME ","180 ","F84","FutOnly"
"NANO ETHER - COINBASE DERIVATIVES, LLC",250819,2025-08-19,146LM1,FREX,00,180 ,  134663,       0,       0,       0,       0,       0,       0,   28906,  115871,    1121,   99703,   16301,       0,  129730,  133293,    4933,    1370,  -32457,       0,       0,       0,       0,       0,       0,   -7394,  -13600,    -990,  -25134,  -17488,       0,  -33518,  -32078,    1061,    -379,  100.0,    0.0,    0.0,    0.0,    0.0,    0.0,    0.0,   21.5,   86.0,    0.8,   74.0,   12.1,    0.0,   96.3,   99.0,    3.7,    1.0,    396,      0,      0,      0,      0,      0,      0,      7,      7,.,    310,     72,      0,    318,     80,    42.0,    78.1,    51.9,    92.5,    42.0,    77.2,    51.9,    91.7,"(0.1 Ether or 1/10 X$2,000 = $200)","146LM1","FREX","180 ","F84","FutOnly"
"LITECOIN CASH - COINBASE DERIVATIVES, LLC",250819,2025-08-19,167LM0,FREX,00,180 ,    2688,       0,       0,       0,       0,       0,       0,     425,    1664,     140,    1485,     729,      60,    2110,    2593,     578,      95,     203,       0,       0,       0,       0,       0,       0,     425,      63,     140,    -497,     -46,      60,     128,     217,      75,     -14,  100.0,    0.0,    0.0,    0.0,    0.0,    0.0,    0.0,   15.8,   61.9,    5.2,   55.2,   27.1,    2.2,   78.5,   96.5,   21.5,    3.5,     29,      0,      0,      0,      0,      0,      0,.,.,.,     20,      5,.,     22,      9,    35.0,    77.8,    50.0,    94.8,    29.8,    75.6,    44.8,    89.0,"(5 Litecoin X $85 = $425)","167LM0","FREX","180 ","F84","FutOnly"
"DOGECOIN - COINBASE DERIVATIVES, LLC",250819,2025-08-19,168DC1,FREX,00,168 ,    3159,       0,       0,       0,       0,       0,       0,      97,    2849,       2,    2013,     264,       0,    2112,    3115,    1047,      44,    -216,       0,       0,       0,       0,       0,       0,       6,    -117,       0,    -160,     -71,       0,    -154,    -188,     -62,     -28,  100.0,    0.0,    0.0,    0.0,    0.0,    0.0,    0.0,    3.1,   90.2,    0.1,   63.7,    8.4,    0.0,   66.9,   98.6,   33.1,    1.4,     41,      0,      0,      0,      0,      0,      0,.,.,.,     33,      4,      0,     35,      7,    12.7,    94.0,    25.3,    98.6,    12.7,    93.9,    25.3,    98.5,"(5,000 Dogecoin X $0.12 = Contract $600)","168DC1","FREX","168 ","F84","FutOnly"
"CHAINLINK - COINBASE DERIVATIVES, LLC",250819,2025-08-19,170LM1,FREX,00,170 ,    3373,       0,       0,       0,       0,       0,       0,     542,    2578,       2,    2044,     593,       0,    2588,    3173,     785,     200,     488,       0,       0,       0,       0,       0,       0,     542,     257,       0,     -78,     273,       0,     464,     530,      24,     -42,  100.0,    0.0,    0.0,    0.0,    0.0,    0.0,    0.0,   16.1,   76.4,    0.1,   60.6,   17.6,    0.0,   76.7,   94.1,   23.3,    5.9,     44,      0,      0,      0,      0,      0,      0,.,.,.,     31,     11,      0,     33,     12,    27.2,    85.4,    40.9,    90.8,    27.2,    85.3,    40.9,    90.8,"(50 Chainlink x $15 = $750)","170LM1","FREX","170 ","F84","FutOnly"
"AVALANCHE - COINBASE DERIVATIVES, LLC",250819,2025-08-19,171LM1,FREX,00,171 ,    3754,       0,       0,       0,       0,       0,       0,      41,    2825,       3,    3119,     851,       0,    3163,    3679,     591,      75,      93,       0,       0,       0,       0,       0,       0,      41,     406,       1,     272,    -312,       0,     314,      95,    -221,      -2,  100.0,    0.0,    0.0,    0.0,    0.0,    0.0,    0.0,    1.1,   75.3,    0.1,   83.1,   22.7,    0.0,   84.3,   98.0,   15.7,    2.0,     42,      0,      0,      0,      0,      0,      0,.,.,.,     36,.,      0,     38,      5,    21.3,    96.7,    36.8,    98.0,    21.3,    96.6,    36.8,    97.9,"(10 Avalanche x $30 = $300)","171LM1","FREX","171 ","F84","FutOnly"
"1K SHIB - COINBASE DERIVATIVES, LLC",250819,2025-08-19,172LM1,FREX,00,172 ,    1732,       0,       0,       0,       0,       0,       0,       0,    1545,       1,    1097,     129,       0,    1098,    1675,     634,      57,    -249,       0,       0,       0,       0,       0,       0,       0,    -173,       0,    -196,     -67,       0,    -196,    -240,     -53,      -9,  100.0,    0.0,    0.0,    0.0,    0.0,    0.0,    0.0,    0.0,   89.2,    0.1,   63.3,    7.4,    0.0,   63.4,   96.7,   36.6,    3.3,     21,      0,      0,      0,      0,      0,      0,      0,.,.,     18,.,      0,     19,      3,    24.5,    96.7,    39.7,    96.7,    24.5,    96.7,    39.7,    96.7,"(10,000 x 1k Shib x $0.00002 = $200)","172LM1","FREX","172 ","F84","FutOnly"
"NANO STELLAR - COINBASE DERIVATIVES, LLC",250819,2025-08-19,173LM1,FREX,00,173 ,    1448,       0,       0,       0,       0,       0,       0,       0,    1343,       1,     927,      49,       0,     928,    1393,     520,      55,.,.,.,.,.,.,.,.,.,.,.,.,.,.,.,.,.,  100.0,    0.0,    0.0,    0.0,    0.0,    0.0,    0.0,    0.0,   92.7,    0.1,   64.0,    3.4,    0.0,   64.1,   96.2,   35.9,    3.8,     20,      0,      0,      0,      0,      0,      0,      0,.,.,     17,.,      0,     18,      3,    27.4,    96.2,    43.9,    96.2,    27.4,    96.1,    43.9,    96.1,"(5000 Stellar)","173LM1","FREX","173 ","F84","FutOnly"
"CARDONA - COINBASE DERIVATIVES, LLC",250819,2025-08-19,174LM1,FREX,00,174 ,    4610,       0,       0,       0,       0,       0,       0,       0,    4231,       1,    3777,     203,       0,    3778,    4435,     832,     175,     398,       0,       0,       0,       0,       0,       0,       0,     146,       1,     531,     165,       0,     532,     312,    -134,      86,  100.0,    0.0,    0.0,    0.0,    0.0,    0.0,    0.0,    0.0,   91.8,    0.0,   81.9,    4.4,    0.0,   82.0,   96.2,   18.0,    3.8,     55,      0,      0,      0,      0,      0,      0,      0,.,.,     51,.,      0,     52,      4,    17.4,    96.2,    29.8,    96.2,    17.4,    96.2,    29.8,    96.2,"(1,000 Cardano)","174LM1","FREX","174 ","F84","FutOnly"
"NANO XRP - COINBASE DERIVATIVES, LLC",250819,2025-08-19,176LM1,FREX,00,180 ,   34931,       0,       0,       0,       0,       0,       0,   21857,   31725,       0,    9542,    3012,       0,   31399,   34737,    3532,     194,   -1935,       0,       0,       0,       0,       0,       0,   -1713,   -1946,    -348,     505,     577,       0,   -1556,   -1717,    -379,    -218,  100.0,    0.0,    0.0,    0.0,    0.0,    0.0,    0.0,   62.6,   90.8,    0.0,   27.3,    8.6,    0.0,   89.9,   99.4,   10.1,    0.6,    133,      0,      0,      0,      0,      0,      0,      4,.,      0,    117,      9,      0,    121,     12,    63.0,    98.5,    65.7,    99.1,    63.0,    98.5,    65.7,    99.1,"(500 XRP x $2.00 = $1000)","176LM1","FREX","180 ","F84","FutOnly"
"NANO XRP PERP STYLE - COINBASE DERIVATIVES, LLC",250819,2025-08-19,176LM3,FREX,00,180 ,    2480,       0,       0,       0,       0,       0,       0,     695,    1529,       0,    1065,     721,       0,    1760,    2250,     720,     230,.,.,.,.,.,.,.,.,.,.,.,.,.,.,.,.,.,  100.0,    0.0,    0.0,    0.0,    0.0,    0.0,    0.0,   28.0,   61.7,    0.0,   42.9,   29.1,    0.0,   71.0,   90.7,   29.0,    9.3,     26,      0,      0,      0,      0,      0,      0,.,      4,      0,     12,      8,      0,     14,     12,    50.2,    67.1,    61.8,    83.8,    50.2,    67.1,    61.8,    83.8,"(500 XRP x $2.00 = $1000)","176LM3","FREX","180 ","F84","FutOnly"
"NANO SOLANA - COINBASE DERIVATIVES, LLC",250819,2025-08-19,177LM1,FREX,00,180 ,   20041,       0,     551,       0,       0,       0,       0,    5225,   17200,      48,   12355,    1784,       0,   17628,   19583,    2413,     458,    2473,       0,       0,       0,       0,       0,       0,    2721,    3839,       9,    -179,   -1317,       0,    2551,    2531,     -78,     -58,  100.0,    0.0,    2.7,    0.0,    0.0,    0.0,    0.0,   26.1,   85.8,    0.2,   61.6,    8.9,    0.0,   88.0,   97.7,   12.0,    2.3,    124,      0,.,      0,      0,      0,      0,      5,      4,.,     94,     20,      0,    101,     25,    34.9,    88.6,    49.5,    92.9,    34.9,    88.4,    49.5,    92.6,"(5 Solana x $250 = $1250)","177LM1","FREX","180 ","F84","FutOnly"
"NANO SOLANA PERP STYLE - COINBASE DERIVATIVES, LLC",250819,2025-08-19,177LM3,FREX,00,180 ,    2918,       0,       0,       0,       0,       0,       0,    1641,    1482,       0,     610,    1243,       0,    2251,    2725,     667,     193,.,.,.,.,.,.,.,.,.,.,.,.,.,.,.,.,.,  100.0,    0.0,    0.0,    0.0,    0.0,    0.0,    0.0,   56.2,   50.8,    0.0,   20.9,   42.6,    0.0,   77.1,   93.4,   22.9,    6.6,     26,      0,      0,      0,      0,      0,      0,.,      5,      0,     11,      9,      0,     12,     14,    64.7,    68.4,    71.7,    85.8,    64.7,    68.4,    71.7,    85.8,"(5 Solana x $180 = $900)","177LM3","FREX","180 ","F84","FutOnly"
"HEDERA - COINBASE DERIVATIVES, LLC",250819,2025-08-19,180LM1,FREX,00,180 ,    1614,       0,       0,       0,       0,       0,       0,       0,    1540,       2,     909,      30,       0,     911,    1572,     703,      42,    -103,       0,       0,       0,       0,       0,       0,       0,    -100,       0,     -91,       0,       0,     -91,    -100,     -12,      -3,  100.0,    0.0,    0.0,    0.0,    0.0,    0.0,    0.0,    0.0,   95.4,    0.1,   56.3,    1.9,    0.0,   56.4,   97.4,   43.6,    2.6,     25,      0,      0,      0,      0,      0,      0,      0,.,.,     23,.,      0,     24,      2,    12.4,    97.4,    24.8,    97.4,    12.4,    97.3,    24.8,    97.3,"(5000 Hedera)","180LM1","FREX","180 ","F84","FutOnly"
"BITCOIN - CHICAGO MERCANTILE EXCHANGE",250819,2025-08-19,133741,CME ,00,133 ,   28971,    9521,    1926,     163,    8401,     439,     335,    4322,   19148,    2272,    1980,    3153,     484,   27478,   27920,    1493,    1051,    1120,    -477,      14,      21,    -457,      19,     113,     202,    -588,    1437,     281,     -78,     131,    1251,    1069,    -131,      51,  100.0,   32.9,    6.6,    0.6,   29.0,    1.5,    1.2,   14.9,   66.1,    7.8,    6.8,   10.9,    1.7,   94.8,   96.4,    5.2,    3.6,    136,      9,      7,      4,     11,      4,      4,     31,     51,     24,     10,     11,.,     82,     89,    59.3,    27.8,    67.4,    45.7,    58.1,    25.9,    66.0,    41.8,"(5 Bitcoins)","133741","CME ","133 ","F85","FutOnly"
"ETHER CASH SETTLED - CHICAGO MERCANTILE EXCHANGE",250819,2025-08-19,146021,CME ,00,146 ,   37381,   21285,   11129,     308,    5118,     326,     699,    4131,   18111,    3369,    1164,    2650,      26,   36100,   36618,    1281,     763,     445,   -4147,    -373,     108,    -699,    -149,     302,    1947,   -2377,    2709,     304,      55,      26,     550,     301,    -105,     144,  100.0,   56.9,   29.8,    0.8,   13.7,    0.9,    1.9,   11.1,   48.4,    9.0,    3.1,    7.1,    0.1,   96.6,   98.0,    3.4,    2.0,    118,      6,      8,.,     12,      4,.,     29,     42,     19,     10,      6,.,     72,     72,    74.5,    38.7,    80.7,    61.5,    69.2,    38.5,    73.6,    58.2,"(50 Index Points)","146021","CME ","146 ","F85","FutOnly"
"NANO ETHER PERP STYLE - COINBASE DERIVATIVES, LLC",250819,2025-08-19,146LM3,FREX,00,146 ,  115050,       0,       0,       0,       0,       0,       0,    2323,   69765,       0,  106080,   43524,       0,  108403,  113289,    6647,    1761,    2713,       0,       0,       0,       0,       0,       0,   -9152,   -2608,       0,   10796,    5750,       0,    1644,    3142,    1069,    -429,  100.0,    0.0,    0.0,    0.0,    0.0,    0.0,    0.0,    2.0,   60.6,    0.0,   92.2,   37.8,    0.0,   94.2,   98.5,    5.8,    1.5,    541,      0,      0,      0,      0,      0,      0,.,      8,      0,    419,    112,      0,    421,    120,    15.0,    61.6,    26.3,    81.0,    15.0,    61.6,    26.3,    81.0,"(1/10 X Ether)","146LM3","FREX","146 ","F85","FutOnly"
"XRP - CHICAGO MERCANTILE EXCHANGE",250819,2025-08-19,176740,CME ,00,176 ,    5923,    4201,     218,       0,     746,      29,       0,     361,    4774,     464,       0,     303,      18,    5790,    5806,     133,     117,     179,      99,     -44,     -30,      -8,      29,       0,    -254,    -250,     331,       0,     106,       3,     141,     145,      38,      34,  100.0,   70.9,    3.7,    0.0,   12.6,    0.5,    0.0,    6.1,   80.6,    7.8,    0.0,    5.1,    0.3,   97.8,   98.0,    2.2,    2.0,     24,.,.,      0,.,.,      0,      4,     10,.,      0,.,.,     11,     17,    83.5,    72.9,    96.5,    88.0,    83.5,    66.2,    89.6,    81.3,"(Contracts of 50,000 XRP)","176740","CME ","176 ","F85","FutOnly"
"SOL - CHICAGO MERCANTILE EXCHANGE",250819,2025-08-19,177741,CME ,00,177 ,    9331,    7688,     179,      47,     608,    1638,       0,     115,    6920,     311,     269,       0,       0,    9038,    9095,     293,     236,    1045,     671,    -121,      -5,      88,      42,       0,      68,    1005,     170,      49,       0,       0,    1041,    1091,       4,     -46,  100.0,   82.4,    1.9,    0.5,    6.5,   17.6,    0.0,    1.2,   74.2,    3.3,    2.9,    0.0,    0.0,   96.9,   97.5,    3.1,    2.5,     28,.,.,.,.,.,      0,.,     14,      6,.,      0,      0,     16,     20,    90.0,    49.4,    94.4,    78.9,    90.0,    48.1,    92.7,    76.4,"(500 SOL- CME CF Solana - Dollar Reference Rate)","177741","CME ","177 ","F85","FutOnly"
"USD INDEX - ICE FUTURES U.S.",250819,2025-08-19,098662,ICUS,01,098 ,   28891,    9625,     177,      25,    2075,    7722,    1825,    8676,   12483,     862,    1757,    2679,       0,   24845,   25773,    4046,    3118,   -1519,    -208,      27,      25,   -1881,     187,       1,    1081,   -1732,      20,    -391,     -78,     -10,   -1363,   -1560,    -156,      41,  100.0,   33.3,    0.6,    0.1,    7.2,   26.7,    6.3,   30.0,   43.2,    3.0,    6.1,    9.3,    0.0,   86.0,   89.2,   14.0,   10.8,    113,.,.,.,     10,     12,      4,     23,     25,      6,     16,     22,      0,     57,     67,    50.4,    32.2,    59.8,    49.7,    46.4,    31.5,    53.4,    46.5,"(U.S. DOLLAR INDEX X $1000)","098662","ICUS","098 ","F90","FutOnly"
"VIX FUTURES - CBOE FUTURES EXCHANGE",250819,2025-08-19,1170E1,E   ,00,117 ,  507099,  121333,   60149,   39823,   94423,   57393,   76091,   81385,  170437,   57470,     357,   10105,    9669,  480551,  481137,   26548,   25962,   14508,    6517,    3395,    7595,    6185,   -5491,    8159,    1947,   10018,  -14657,    -963,    3582,     731,   15514,   13332,   -1006,    1176,  100.0,   23.9,   11.9,    7.9,   18.6,   11.3,   15.0,   16.0,   33.6,   11.3,    0.1,    2.0,    1.9,   94.8,   94.9,    5.2,    5.1,    199,     12,     21,     22,     17,     26,     25,     46,     51,     56,.,     14,     15,    154,    163,    43.0,    17.9,    55.9,    28.3,    39.7,    12.4,    45.4,    20.1,"($1000 X INDEX)","1170E1","E   ","117 ","F90","FutOnly"
"BBG COMMODITY - CHICAGO BOARD OF TRADE",250819,2025-08-19,221602,CBT ,00,221 ,  198049,  155929,  165506,      16,   27756,    2327,   11404,    1440,   18741,       8,    1113,       0,       0,  197666,  198002,     383,      47,    4792,     351,   -2888,       0,    2344,       0,    2458,      18,    5200,       7,     -36,       0,       0,    5142,    4777,    -350,      15,  100.0,   78.7,   83.6,    0.0,   14.0,    1.2,    5.8,    0.7,    9.5,    0.0,    0.6,    0.0,    0.0,   99.8,  100.0,    0.2,    0.0,     62,      7,      5,.,     21,.,.,      6,      9,.,     11,      0,      0,     48,     19,    85.3,    82.1,    91.2,    92.1,    81.6,    81.3,    86.3,    88.9,"($100 X INDEX)","221602","CBT ","221 ","F90","FutOnly"
